model	degradation	region_degraded	scored_on	n_images	mean_spearman	median_spearman	mean_relative_drop	pct_strongly_monotonic
liqe	blur	frame	crop	236	-0.9966	-1.0	0.705	99.6
liqe	blur	frame	full	236	-0.9996	-1.0	0.415	100.0
liqe	blur	subject	crop	236	-0.978	-1.0	0.539	96.2
liqe	blur	subject	full	236	-0.9254	-1.0	0.1495	94.9
liqe	motion	frame	crop	236	-0.9979	-1.0	0.7618	99.6
liqe	motion	frame	full	236	-0.9996	-1.0	0.6467	100.0
liqe	motion	subject	crop	236	-0.9945	-1.0	0.7218	100.0
liqe	motion	subject	full	236	-0.9767	-1.0	0.2977	97.5
liqe	noise	frame	crop	236	-0.9818	-1.0	0.4328	97.0
liqe	noise	frame	full	236	-0.8356	-0.9	0.0936	74.2
liqe	noise	subject	crop	236	-0.9758	-1.0	0.3923	94.9
liqe	noise	subject	full	236	-0.6627	-0.9	0.0224	54.2
topiq	blur	frame	crop	236	-1.0	-1.0	0.7335	100.0
topiq	blur	frame	full	236	-1.0	-1.0	0.4708	100.0
topiq	blur	subject	crop	236	-0.9517	-1.0	0.3495	92.8
topiq	blur	subject	full	236	-0.9165	-1.0	0.1203	89.0
topiq	motion	frame	crop	236	-0.9987	-1.0	0.8155	100.0
topiq	motion	frame	full	236	-1.0	-1.0	0.5674	100.0
topiq	motion	subject	crop	236	-0.9856	-1.0	0.5216	97.9
topiq	motion	subject	full	236	-0.9581	-1.0	0.1671	91.9
topiq	noise	frame	crop	236	-0.9966	-1.0	0.3751	100.0
topiq	noise	frame	full	236	-0.972	-1.0	0.1312	96.2
topiq	noise	subject	crop	236	-0.9945	-1.0	0.2891	100.0
topiq	noise	subject	full	236	-0.9258	-1.0	0.0413	88.6
arniqa	blur	frame	crop	236	-0.8733	-0.9	0.4478	75.8
arniqa	blur	frame	full	236	-0.8475	-1.0	0.2072	75.8
arniqa	blur	subject	crop	236	-0.5047	-0.7	0.0936	49.2
arniqa	blur	subject	full	236	-0.3398	-0.7	0.0238	44.9
arniqa	motion	frame	crop	236	-0.9839	-1.0	0.5982	98.7
arniqa	motion	frame	full	236	-0.9564	-1.0	0.4347	93.2
arniqa	motion	subject	crop	236	-0.5267	-0.7	0.1385	47.0
arniqa	motion	subject	full	236	-0.386	-0.7	0.0369	46.6
arniqa	noise	frame	crop	236	-0.9008	-1.0	0.2453	86.0
arniqa	noise	frame	full	236	-0.553	-0.9	0.0433	58.5
arniqa	noise	subject	crop	236	-0.8119	-0.9	0.1345	72.5
arniqa	noise	subject	full	236	-0.414	-0.7	0.0114	42.4
laplacian_variance	blur	frame	crop	236	-1.0	-1.0	0.9897	100.0
laplacian_variance	blur	frame	full	236	-1.0	-1.0	0.9473	100.0
laplacian_variance	blur	subject	crop	236	-0.9919	-1.0	0.7612	100.0
laplacian_variance	blur	subject	full	236	-1.0	-1.0	0.2405	100.0
laplacian_variance	motion	frame	crop	236	-1.0	-1.0	0.9196	100.0
laplacian_variance	motion	frame	full	236	-1.0	-1.0	0.8369	100.0
laplacian_variance	motion	subject	crop	236	-0.9996	-1.0	0.7071	100.0
laplacian_variance	motion	subject	full	236	-1.0	-1.0	0.2143	100.0
laplacian_variance	noise	frame	crop	236	0.9996	1.0	0.0	0.0
laplacian_variance	noise	frame	full	236	0.597	1.0	0.0062	10.6
laplacian_variance	noise	subject	crop	236	0.9958	1.0	0.0	0.0
laplacian_variance	noise	subject	full	236	0.0326	0.0	0.0033	35.6
tenengrad	blur	frame	crop	236	-1.0	-1.0	0.8538	100.0
tenengrad	blur	frame	full	236	-1.0	-1.0	0.6279	100.0
tenengrad	blur	subject	crop	236	-1.0	-1.0	0.6568	100.0
tenengrad	blur	subject	full	236	-1.0	-1.0	0.142	100.0
tenengrad	motion	frame	crop	236	-1.0	-1.0	0.757	100.0
tenengrad	motion	frame	full	236	-1.0	-1.0	0.5761	100.0
tenengrad	motion	subject	crop	236	-1.0	-1.0	0.5843	100.0
tenengrad	motion	subject	full	236	-1.0	-1.0	0.1315	100.0
tenengrad	noise	frame	crop	236	0.5034	1.0	0.0078	19.5
tenengrad	noise	frame	full	236	-0.7186	-1.0	0.045	68.2
tenengrad	noise	subject	crop	236	0.422	1.0	0.0073	22.0
tenengrad	noise	subject	full	236	-0.9237	-1.0	0.0144	88.6
dog_energy	blur	frame	crop	236	-1.0	-1.0	0.6827	100.0
dog_energy	blur	frame	full	236	-1.0	-1.0	0.3024	100.0
dog_energy	blur	subject	crop	236	-1.0	-1.0	0.5137	100.0
dog_energy	blur	subject	full	236	-1.0	-1.0	0.0584	100.0
dog_energy	motion	frame	crop	236	-1.0	-1.0	0.5486	100.0
dog_energy	motion	frame	full	236	-0.9979	-1.0	0.3268	100.0
dog_energy	motion	subject	crop	236	-1.0	-1.0	0.4166	100.0
dog_energy	motion	subject	full	236	-1.0	-1.0	0.0639	100.0
dog_energy	noise	frame	crop	236	0.7627	1.0	0.0023	6.4
dog_energy	noise	frame	full	236	0.0013	0.0	0.0128	31.8
dog_energy	noise	subject	crop	236	0.7208	1.0	0.0019	7.2
dog_energy	noise	subject	full	236	-0.5758	-0.9	0.004	61.0
haar_energy	blur	frame	crop	236	-1.0	-1.0	0.5276	100.0
haar_energy	blur	frame	full	236	-1.0	-1.0	0.2947	100.0
haar_energy	blur	subject	crop	236	-1.0	-1.0	0.3925	100.0
haar_energy	blur	subject	full	236	-1.0	-1.0	0.0545	100.0
haar_energy	motion	frame	crop	236	-1.0	-1.0	0.4786	100.0
haar_energy	motion	frame	full	236	-0.9979	-1.0	0.3058	100.0
haar_energy	motion	subject	crop	236	-1.0	-1.0	0.3579	100.0
haar_energy	motion	subject	full	236	-1.0	-1.0	0.0564	100.0
haar_energy	noise	frame	crop	236	0.9758	1.0	0.0002	0.4
haar_energy	noise	frame	full	236	0.4979	1.0	0.0054	13.6
haar_energy	noise	subject	crop	236	0.9775	1.0	0.0002	0.4
haar_energy	noise	subject	full	236	-0.0242	-0.1	0.0019	28.4
